Review,Sentiment
"""This product is amazing! It works exactly as advertised and has made my life so much easier. I would highly recommend it to anyone.""",positive
"""This product is a complete waste of money. It doesn't work at all and is cheaply made. I am very disappointed.""",negative
"""The product is okay, but it could be better. The instructions were a little difficult to understand and it took me a while to figure out how to use it.""",neutral
"""I love this product! It's so cute and stylish. I've gotten so many compliments on it.""",positive
"""The product arrived broken. I am very unhappy with the customer service as well. They were unhelpful and difficult to deal with.""",negative
"""The product is good for the price. It's not the best quality, but it gets the job done.""",neutral
"""This product is exactly what I was looking for. It's perfect for my needs and I'm very happy with it.""",positive
"""The product is very difficult to use. I wouldn't recommend it to anyone.""",negative
"""I'm not sure what to think of this product yet. I've only had it for a few days, but so far it seems to be working well.""",neutral
"""This product is a lifesaver! It has helped me so much with [problem the product solves].""",positive
"""The product is a disappointment. It doesn't live up to the hype.""",negative
"""The product is good quality, but it's a bit overpriced.""",neutral
"""I would definitely buy this product again. It's a great value for the money.""",positive
"""The product is terrible. I would never recommend it to anyone.""",negative
"""The product is just okay. It's not bad, but it's not great either.""",neutral
"""This product is amazing! I can't believe how well it works.""",positive
"""The product is a complete waste of time. It doesn't do anything it claims to do.""",negative
"""The product is easy to use and works well. I'm happy with my purchase.""",positive
"""The product is not very user-friendly. The instructions are confusing and it's difficult to figure out how to use it.""",negative
"""I would recommend this product to others, but with some reservations.""",neutral
"""This product is a great addition to my home. I love using it.""",positive
"""The product is cheaply made and doesn't seem like it will last very long.""",negative
"""The product is a good value for the money. It's not the best, but it gets the job done.""",neutral